Protocollo;Gruppo;DataOraIncidente;Localizzazione1;STRADA1;Localizzazione2;STRADA2;Strada02;Chilometrica;DaSpecificare;NaturaIncidente;particolaritastrade;TipoStrada;FondoStradale;Pavimentazione;Segnaletica;CondizioneAtmosferica;Traffico;Visibilita;Illuminazione;NUM_FERITI;NUM_RISERVATA;NUM_MORTI;NUM_ILLESI;Longitudine;Latitudine;Confermato;Progressivo;TipoVeicolo;StatoVeicolo;TipoPersona;Sesso;Tipolesione;Deceduto;DecedutoDopo;CinturaCascoUtilizzato;Airbag
3077680;15;29/11/2016 17:30;Strada Urbana;VIA DEL MONTE DELLE CAPRE;all'intersezione con;VIA DELLE CAVE DEL TRULLO;VIA DELLE CAVE DEL TRULLO;;;Scontro frontale/laterale DX fra veicoli in marcia;Incrocio;Una carreggiata a doppio senso;Asciutto;Asfaltata;Verticale;Sereno;Normale;Buona;Sufficiente;0;0;0;6;12,43169;41,84501;-1;2;Autovettura privata;In marcia / fermata / arresto;Passeggero;M;Illeso;0;;Utilizzato;
3077680;15;29/11/2016 17:30;Strada Urbana;VIA DEL MONTE DELLE CAPRE;all'intersezione con;VIA DELLE CAVE DEL TRULLO;VIA DELLE CAVE DEL TRULLO;;;Scontro frontale/laterale DX fra veicoli in marcia;Incrocio;Una carreggiata a doppio senso;Asciutto;Asfaltata;Verticale;Sereno;Normale;Buona;Sufficiente;0;0;0;6;12,43169;41,84501;-1;2;Autovettura privata;In marcia / fermata / arresto;Passeggero;F;Illeso;0;;Utilizzato;
3077680;15;29/11/2016 17:30;Strada Urbana;VIA DEL MONTE DELLE CAPRE;all'intersezione con;VIA DELLE CAVE DEL TRULLO;VIA DELLE CAVE DEL TRULLO;;;Scontro frontale/laterale DX fra veicoli in marcia;Incrocio;Una carreggiata a doppio senso;Asciutto;Asfaltata;Verticale;Sereno;Normale;Buona;Sufficiente;0;0;0;6;12,43169;41,84501;-1;2;Autovettura privata;In marcia / fermata / arresto;Passeggero;F;Illeso;0;;Utilizzato;
3077681;1;29/11/2016 18:15;Strada Urbana;PIAZZA ALBANIA;in prossimità;;del civico n.;10;;Scontro laterale fra veicoli in marcia;Rettilineo;Più di due carreggiate;Asciutto;In cubetti di porfido;Verticale ed orizzontale;Nuvoloso;Normale;Buona;Sufficiente;0;0;0;4;12,48361;41,87992;-1;1;Autovettura privata;In marcia / fermata / arresto;Conducente;F;Illeso;0;;Non accertato;
3077681;1;29/11/2016 18:15;Strada Urbana;PIAZZA ALBANIA;in prossimità;;del civico n.;10;;Scontro laterale fra veicoli in marcia;Rettilineo;Più di due carreggiate;Asciutto;In cubetti di porfido;Verticale ed orizzontale;Nuvoloso;Normale;Buona;Sufficiente;0;0;0;4;12,48361;41,87992;-1;1;Autovettura privata;In marcia / fermata / arresto;Passeggero;M;Illeso;0;;Non accertato;Inesploso
3077681;1;29/11/2016 18:15;Strada Urbana;PIAZZA ALBANIA;in prossimità;;del civico n.;10;;Scontro laterale fra veicoli in marcia;Rettilineo;Più di due carreggiate;Asciutto;In cubetti di porfido;Verticale ed orizzontale;Nuvoloso;Normale;Buona;Sufficiente;0;0;0;4;12,48361;41,87992;-1;1;Autovettura privata;In marcia / fermata / arresto;Passeggero;M;Illeso;0;;Non accertato;
3077681;1;29/11/2016 18:15;Strada Urbana;PIAZZA ALBANIA;in prossimità;;del civico n.;10;;Scontro laterale fra veicoli in marcia;Rettilineo;Più di due carreggiate;Asciutto;In cubetti di porfido;Verticale ed orizzontale;Nuvoloso;Normale;Buona;Sufficiente;0;0;0;4;12,48361;41,87992;-1;2;Autovettura privata;In marcia / fermata / arresto;Conducente;F;Illeso;0;;Non accertato;Inesploso
3077685;13;29/11/2016 12:30;Strada Urbana;VIA DEL MARE;in corrispondenza;;della chilometrica;15.45;;Veicolo in marcia contro ostacolo fisso;Rettilineo;Una carreggiata a doppio senso;Asciutto;Asfaltata;Verticale ed orizzontale;Sereno;Normale;Buona;Ore Diurne;1;0;0;0;12,46324;41,84026;-1;1;Autovettura privata;In marcia / fermata / arresto;Conducente;F;Rimandato;0;NON DECEDUTO;Non accertato;Inesploso
3077698;13;29/11/2016 14:20;Strada Urbana;VIA CARNEADE;in corrispondenza;;del civico n.;6;;Scontro laterale fra veicoli in marcia;Rettilineo;Una carreggiata a senso unico di marcia;Asciutto;Asfaltata;Assente;Sereno;Normale;Buona;Ore Diurne;1;0;0;2;12,36896;41,7573;-1;1;Autovettura privata;In marcia / fermata / arresto;Conducente;F;Rimandato;0;NON DECEDUTO;;
3077698;13;29/11/2016 14:20;Strada Urbana;VIA CARNEADE;in corrispondenza;;del civico n.;6;;Scontro laterale fra veicoli in marcia;Rettilineo;Una carreggiata a senso unico di marcia;Asciutto;Asfaltata;Assente;Sereno;Normale;Buona;Ore Diurne;1;0;0;2;12,36896;41,7573;-1;2;Autovettura privata;In marcia / fermata / arresto;Conducente;M;Illeso;0;;;
3077698;13;29/11/2016 14:20;Strada Urbana;VIA CARNEADE;in corrispondenza;;del civico n.;6;;Scontro laterale fra veicoli in marcia;Rettilineo;Una carreggiata a senso unico di marcia;Asciutto;Asfaltata;Assente;Sereno;Normale;Buona;Ore Diurne;1;0;0;2;12,36896;41,7573;-1;2;Autovettura privata;In marcia / fermata / arresto;Passeggero;M;Illeso;0;;;
3077705;13;29/11/2016 14:40;Strada Urbana;LARGO GIROLAMO DA MONTESARCHIO;all'intersezione con;VIA FRANCESCO INGOLI;VIA FRANCESCO INGOLI;;;Investimento di pedone;Incrocio;Una carreggiata a senso unico di marcia;Asciutto;Asfaltata;Assente;Sereno;Intenso;Buona;Ore Diurne;1;0;0;2;12,36419;41,7844;-1;;;;Pedone;F;Rimandato;0;NON DECEDUTO;;
3077705;13;29/11/2016 14:40;Strada Urbana;LARGO GIROLAMO DA MONTESARCHIO;all'intersezione con;VIA FRANCESCO INGOLI;VIA FRANCESCO INGOLI;;;Investimento di pedone;Incrocio;Una carreggiata a senso unico di marcia;Asciutto;Asfaltata;Assente;Sereno;Intenso;Buona;Ore Diurne;1;0;0;2;12,36419;41,7844;-1;1;Autovettura privata;In marcia / fermata / arresto;Conducente;M;Illeso;0;;;
3077705;13;29/11/2016 14:40;Strada Urbana;LARGO GIROLAMO DA MONTESARCHIO;all'intersezione con;VIA FRANCESCO INGOLI;VIA FRANCESCO INGOLI;;;Investimento di pedone;Incrocio;Una carreggiata a senso unico di marcia;Asciutto;Asfaltata;Assente;Sereno;Intenso;Buona;Ore Diurne;1;0;0;2;12,36419;41,7844;-1;1;Autovettura privata;In marcia / fermata / arresto;Passeggero;F;Illeso;0;;;
3077708;18;26/11/2016 21:30;Strada Urbana;VIA GREGORIO VII;in prossimità;;del civico n.;38;;Scontro frontale/laterale SX fra veicoli in marcia;Rettilineo;Più di due carreggiate;Asciutto;Asfaltata;Verticale ed orizzontale;Sereno;Normale;Sufficiente;Sufficiente;1;0;0;2;12,45033;41,89758;-1;1;Autovettura pubblica;In marcia / fermata / arresto;Conducente;M;Illeso;0;;;
3077708;18;26/11/2016 21:30;Strada Urbana;VIA GREGORIO VII;in prossimità;;del civico n.;38;;Scontro frontale/laterale SX fra veicoli in marcia;Rettilineo;Più di due carreggiate;Asciutto;Asfaltata;Verticale ed orizzontale;Sereno;Normale;Sufficiente;Sufficiente;1;0;0;2;12,45033;41,89758;-1;2;Autovettura privata;In marcia / fermata / arresto;Conducente;M;Illeso;0;;;
3077708;18;26/11/2016 21:30;Strada Urbana;VIA GREGORIO VII;in prossimità;;del civico n.;38;;Scontro frontale/laterale SX fra veicoli in marcia;Rettilineo;Più di due carreggiate;Asciutto;Asfaltata;Verticale ed orizzontale;Sereno;Normale;Sufficiente;Sufficiente;1;0;0;2;12,45033;41,89758;-1;2;Autovettura privata;In marcia / fermata / arresto;Passeggero;F;Rimandato;0;NON DECEDUTO;;
3077716;13;29/11/2016 13:00;Strada Urbana;VIA GUIDO CALZA;da specificare;;;;sulla carreggiata;Scontro frontale/laterale DX fra veicoli in marcia;Rettilineo;Una carreggiata a senso unico di marcia;Asciutto;Asfaltata;Verticale ed orizzontale;Sereno;Intenso;Buona;Ore Diurne;1;0;0;0;12,29391;41,75103;-1;1;Motociclo a solo;In marcia / fermata / arresto;Conducente;M;Rimandato;0;NON DECEDUTO;;
3077725;13;29/11/2016 13:40;Provinciale;VIA DEL MARE;in corrispondenza;;della chilometrica;25.1;;Tamponamento Multiplo;Rettilineo;Una carreggiata a senso unico di marcia;Asciutto;Asfaltata;Orizzontale;Sereno;Intenso;Buona;Ore Diurne;3;0;0;0;12,46324;41,84026;-1;1;Autovettura privata;In marcia / fermata / arresto;Conducente;F;Rimandato;0;NON DECEDUTO;;
3077725;13;29/11/2016 13:40;Provinciale;VIA DEL MARE;in corrispondenza;;della chilometrica;25.1;;Tamponamento Multiplo;Rettilineo;Una carreggiata a senso unico di marcia;Asciutto;Asfaltata;Orizzontale;Sereno;Intenso;Buona;Ore Diurne;3;0;0;0;12,46324;41,84026;-1;2;Autovettura privata;In marcia / fermata / arresto;Conducente;M;Rimandato;0;NON DECEDUTO;;
3077725;13;29/11/2016 13:40;Provinciale;VIA DEL MARE;in corrispondenza;;della chilometrica;25.1;;Tamponamento Multiplo;Rettilineo;Una carreggiata a senso unico di marcia;Asciutto;Asfaltata;Orizzontale;Sereno;Intenso;Buona;Ore Diurne;3;0;0;0;12,46324;41,84026;-1;3;Autovettura privata;In marcia / fermata / arresto;Conducente;F;Rimandato;0;NON DECEDUTO;;
3077729;10;29/11/2016 23:00;Strada Urbana;VIA LANUVIO;all'intersezione con;VIA DELL'ARCO DI TRAVERTINO;VIA DELL'ARCO DI TRAVERTINO;;;Scontro frontale/laterale DX fra veicoli in marcia;Incrocio;Due carreggiate;Asciutto;Asfaltata;Verticale ed orizzontale;Sereno;Scarso;Sufficiente;Sufficiente;2;0;0;0;12,5332;41,86413;-1;1;Autovettura privata;In marcia / fermata / arresto;Conducente;M;Rimandato;0;NON DECEDUTO;Non accertato;Esploso
3077729;10;29/11/2016 23:00;Strada Urbana;VIA LANUVIO;all'intersezione con;VIA DELL'ARCO DI TRAVERTINO;VIA DELL'ARCO DI TRAVERTINO;;;Scontro frontale/laterale DX fra veicoli in marcia;Incrocio;Due carreggiate;Asciutto;Asfaltata;Verticale ed orizzontale;Sereno;Scarso;Sufficiente;Sufficiente;2;0;0;0;12,5332;41,86413;-1;2;Autovettura privata;In marcia / fermata / arresto;Conducente;M;Rimandato;0;NON DECEDUTO;Non utilizzato;Inesploso
3077733;13;29/11/2016 18:30;Strada Urbana;VIA ERNESTO BOEZI;da specificare;;;;"area parcheggio ""CARREFOUR""";Scontro laterale fra veicoli in marcia;Rettilineo;Una carreggiata a senso unico di marcia;Asciutto;Asfaltata;Orizzontale;Sereno;Normale;Buona;Sufficiente;0;0;0;2;12,36852;41,73903;-1;1;Autovettura privata;In marcia / fermata / arresto;Conducente;F;Illeso;0;;Non accertato;Inesploso
3077733;13;29/11/2016 18:30;Strada Urbana;VIA ERNESTO BOEZI;da specificare;;;;"area parcheggio ""CARREFOUR""";Scontro laterale fra veicoli in marcia;Rettilineo;Una carreggiata a senso unico di marcia;Asciutto;Asfaltata;Orizzontale;Sereno;Normale;Buona;Sufficiente;0;0;0;2;12,36852;41,73903;-1;2;Autovettura privata;In marcia / fermata / arresto;Conducente;F;Illeso;0;;Non accertato;Inesploso
3077738;19;29/11/2016 12:20;Strada Urbana;VIA TRIONFALE;all'intersezione con;VIA ACCUMOLI;VIA ACCUMOLI;;;Scontro laterale fra veicoli in marcia;Intersezione stradale segnalata;Una carreggiata a senso unico di marcia;Asciutto;Asfaltata;Verticale ed orizzontale;Sereno;Normale;Buona;Ore Diurne;0;0;0;2;12,41038;41,9686;-1;1;Autovettura privata;In marcia / fermata / arresto;Conducente;F;Illeso;0;;Non accertato;Inesploso
3077738;19;29/11/2016 12:20;Strada Urbana;VIA TRIONFALE;all'intersezione con;VIA ACCUMOLI;VIA ACCUMOLI;;;Scontro laterale fra veicoli in marcia;Intersezione stradale segnalata;Una carreggiata a senso unico di marcia;Asciutto;Asfaltata;Verticale ed orizzontale;Sereno;Normale;Buona;Ore Diurne;0;0;0;2;12,41038;41,9686;-1;2;Autobus di linea;In marcia / fermata / arresto;Conducente;M;Illeso;0;;Non accertato;Inesploso
3077744;18;29/11/2016 18:00;Strada Urbana;VIA DI TORREVECCHIA;all'intersezione con;VIA CAMPOMORONE;VIA CAMPOMORONE;;;Scontro frontale/laterale DX fra veicoli in marcia;Incrocio;Una carreggiata a doppio senso;Asciutto;Asfaltata;Verticale ed orizzontale;Sereno;Normale;Buona;Sufficiente;0;0;0;2;12,40219;41,91206;-1;1;Autovettura privata;In marcia / fermata / arresto;Conducente;M;Illeso;0;;;
3077744;18;29/11/2016 18:00;Strada Urbana;VIA DI TORREVECCHIA;all'intersezione con;VIA CAMPOMORONE;VIA CAMPOMORONE;;;Scontro frontale/laterale DX fra veicoli in marcia;Incrocio;Una carreggiata a doppio senso;Asciutto;Asfaltata;Verticale ed orizzontale;Sereno;Normale;Buona;Sufficiente;0;0;0;2;12,40219;41,91206;-1;2;Autovettura privata;In marcia / fermata / arresto;Conducente;M;Illeso;0;;;
3077747;13;29/11/2016 13:25;Strada Urbana;VIA DEL MARE;in corrispondenza;;della chilometrica;24.3;;Tamponamento Multiplo;Rettilineo;Una carreggiata a senso unico di marcia;Asciutto;Asfaltata;Verticale ed orizzontale;Sereno;Normale;Buona;Ore Diurne;3;0;0;1;12,46324;41,84026;-1;1;Autovettura privata;In marcia / fermata / arresto;Conducente;M;Illeso;0;;Non accertato;Esploso
3077747;13;29/11/2016 13:25;Strada Urbana;VIA DEL MARE;in corrispondenza;;della chilometrica;24.3;;Tamponamento Multiplo;Rettilineo;Una carreggiata a senso unico di marcia;Asciutto;Asfaltata;Verticale ed orizzontale;Sereno;Normale;Buona;Ore Diurne;3;0;0;1;12,46324;41,84026;-1;2;Autovettura privata;In marcia / fermata / arresto;Conducente;F;Rimandato;0;NON DECEDUTO;Non accertato;Inesploso
3077747;13;29/11/2016 13:25;Strada Urbana;VIA DEL MARE;in corrispondenza;;della chilometrica;24.3;;Tamponamento Multiplo;Rettilineo;Una carreggiata a senso unico di marcia;Asciutto;Asfaltata;Verticale ed orizzontale;Sereno;Normale;Buona;Ore Diurne;3;0;0;1;12,46324;41,84026;-1;2;Autovettura privata;In marcia / fermata / arresto;Passeggero;M;Rimandato;0;NON DECEDUTO;Non accertato;Inesploso
3077747;13;29/11/2016 13:25;Strada Urbana;VIA DEL MARE;in corrispondenza;;della chilometrica;24.3;;Tamponamento Multiplo;Rettilineo;Una carreggiata a senso unico di marcia;Asciutto;Asfaltata;Verticale ed orizzontale;Sereno;Normale;Buona;Ore Diurne;3;0;0;1;12,46324;41,84026;-1;3;Autovettura privata;In marcia / fermata / arresto;Conducente;F;Rimandato;0;NON DECEDUTO;Non accertato;Inesploso
3077748;13;29/11/2016 02:00;Strada Urbana;VIALE DELLA MARINA;all'intersezione con;VIA GRANITO DI BELMONTE;VIA GRANITO DI BELMONTE;;;Scontro frontale/laterale SX fra veicoli in marcia;Incrocio;Due carreggiate;Asciutto;Asfaltata;Assente;Sereno;Scarso;Sufficiente;Sufficiente;0;0;0;4;12,27734;41,73106;-1;1;Autovettura privata;In marcia / fermata / arresto;Conducente;M;Illeso;0;;;
3077748;13;29/11/2016 02:00;Strada Urbana;VIALE DELLA MARINA;all'intersezione con;VIA GRANITO DI BELMONTE;VIA GRANITO DI BELMONTE;;;Scontro frontale/laterale SX fra veicoli in marcia;Incrocio;Due carreggiate;Asciutto;Asfaltata;Assente;Sereno;Scarso;Sufficiente;Sufficiente;0;0;0;4;12,27734;41,73106;-1;1;Autovettura privata;In marcia / fermata / arresto;Passeggero;F;Illeso;0;;;
3077748;13;29/11/2016 02:00;Strada Urbana;VIALE DELLA MARINA;all'intersezione con;VIA GRANITO DI BELMONTE;VIA GRANITO DI BELMONTE;;;Scontro frontale/laterale SX fra veicoli in marcia;Incrocio;Due carreggiate;Asciutto;Asfaltata;Assente;Sereno;Scarso;Sufficiente;Sufficiente;0;0;0;4;12,27734;41,73106;-1;2;Autovettura privata;In marcia / fermata / arresto;Conducente;F;Illeso;0;;;
3077748;13;29/11/2016 02:00;Strada Urbana;VIALE DELLA MARINA;all'intersezione con;VIA GRANITO DI BELMONTE;VIA GRANITO DI BELMONTE;;;Scontro frontale/laterale SX fra veicoli in marcia;Incrocio;Due carreggiate;Asciutto;Asfaltata;Assente;Sereno;Scarso;Sufficiente;Sufficiente;0;0;0;4;12,27734;41,73106;-1;2;Autovettura privata;In marcia / fermata / arresto;Passeggero;F;Illeso;0;;;
3077778;18;29/11/2016 21:20;Strada Urbana;CIRCONVALLAZIONE CORNELIA;all'intersezione con;LARGO ALESSANDRO CARAVILLANI;LARGO ALESSANDRO CARAVILLANI;;;Scontro frontale/laterale SX fra veicoli in marcia;Intersezione semaforizzata;Una carreggiata a senso unico di marcia;Asciutto;Asfaltata;Verticale ed orizzontale;Sereno;Normale;Buona;Sufficiente;1;0;0;2;12,42725;41,89952;-1;1;Autovettura privata;In marcia / fermata / arresto;Conducente;F;Illeso;0;;Non accertato;Inesploso
3077778;18;29/11/2016 21:20;Strada Urbana;CIRCONVALLAZIONE CORNELIA;all'intersezione con;LARGO ALESSANDRO CARAVILLANI;LARGO ALESSANDRO CARAVILLANI;;;Scontro frontale/laterale SX fra veicoli in marcia;Intersezione semaforizzata;Una carreggiata a senso unico di marcia;Asciutto;Asfaltata;Verticale ed orizzontale;Sereno;Normale;Buona;Sufficiente;1;0;0;2;12,42725;41,89952;-1;1;Autovettura privata;In marcia / fermata / arresto;Passeggero;F;Illeso;0;;Non accertato;Inesploso
3077778;18;29/11/2016 21:20;Strada Urbana;CIRCONVALLAZIONE CORNELIA;all'intersezione con;LARGO ALESSANDRO CARAVILLANI;LARGO ALESSANDRO CARAVILLANI;;;Scontro frontale/laterale SX fra veicoli in marcia;Intersezione semaforizzata;Una carreggiata a senso unico di marcia;Asciutto;Asfaltata;Verticale ed orizzontale;Sereno;Normale;Buona;Sufficiente;1;0;0;2;12,42725;41,89952;-1;2;Motociclo a solo;In marcia / fermata / arresto;Conducente;M;Rimandato;0;NON DECEDUTO;Non accertato;
3077779;1;29/11/2016 20:45;Strada Urbana;VIA AMERIGO VESPUCCI;all'intersezione con;VIA ORAZIO ANTINORI;VIA ORAZIO ANTINORI;;;Scontro frontale/laterale DX fra veicoli in marcia;Intersezione stradale segnalata;Una carreggiata a senso unico di marcia;Asciutto;Asfaltata;Verticale;Nuvoloso;Normale;Sufficiente;Sufficiente;0;0;0;2;12,47463;41,88114;-1;1;Autovettura privata;In marcia / fermata / arresto;Conducente;F;Illeso;0;;;
3077779;1;29/11/2016 20:45;Strada Urbana;VIA AMERIGO VESPUCCI;all'intersezione con;VIA ORAZIO ANTINORI;VIA ORAZIO ANTINORI;;;Scontro frontale/laterale DX fra veicoli in marcia;Intersezione stradale segnalata;Una carreggiata a senso unico di marcia;Asciutto;Asfaltata;Verticale;Nuvoloso;Normale;Sufficiente;Sufficiente;0;0;0;2;12,47463;41,88114;-1;2;Autovettura privata;In marcia / fermata / arresto;Conducente;M;Illeso;0;;;
3077780;11;29/11/2016 14:50;Strada Urbana;VIA ANTONIO PISANO;all'intersezione con;VIA PAOLO DI DONO;VIA PAOLO DI DONO;;;Tamponamento;Intersezione non regolata/non segnalata;Una carreggiata a doppio senso;Asciutto;Asfaltata;Verticale ed orizzontale;Sereno;Normale;Buona;Ore Diurne;2;0;0;1;12,49202;41,82904;-1;1;Motociclo con passeggero;In marcia / fermata / arresto;Conducente;M;Rifiuta cure immediate;0;NON DECEDUTO;Non accertato;
3077780;11;29/11/2016 14:50;Strada Urbana;VIA ANTONIO PISANO;all'intersezione con;VIA PAOLO DI DONO;VIA PAOLO DI DONO;;;Tamponamento;Intersezione non regolata/non segnalata;Una carreggiata a doppio senso;Asciutto;Asfaltata;Verticale ed orizzontale;Sereno;Normale;Buona;Ore Diurne;2;0;0;1;12,49202;41,82904;-1;1;Motociclo con passeggero;In marcia / fermata / arresto;Passeggero;F;Rifiuta cure immediate;0;NON DECEDUTO;Non accertato;
3077780;11;29/11/2016 14:50;Strada Urbana;VIA ANTONIO PISANO;all'intersezione con;VIA PAOLO DI DONO;VIA PAOLO DI DONO;;;Tamponamento;Intersezione non regolata/non segnalata;Una carreggiata a doppio senso;Asciutto;Asfaltata;Verticale ed orizzontale;Sereno;Normale;Buona;Ore Diurne;2;0;0;1;12,49202;41,82904;-1;2;Autovettura privata;In marcia / fermata / arresto;Conducente;M;Illeso;0;;Non accertato;
3077783;16;29/11/2016 11:15;Strada Urbana;VIA GUIDO CAVALCANTI;all'intersezione con;VIA GIUSEPPE REVERE;VIA GIUSEPPE REVERE;;;Investimento di pedone;Incrocio;Una carreggiata a senso unico di marcia;Asciutto;Asfaltata;Verticale ed orizzontale;Sereno;Normale;Buona;Ore Diurne;1;0;0;1;12,46039;41,87505;-1;;;;Pedone;F;Rimandato;0;NON DECEDUTO;;
3077783;16;29/11/2016 11:15;Strada Urbana;VIA GUIDO CAVALCANTI;all'intersezione con;VIA GIUSEPPE REVERE;VIA GIUSEPPE REVERE;;;Investimento di pedone;Incrocio;Una carreggiata a senso unico di marcia;Asciutto;Asfaltata;Verticale ed orizzontale;Sereno;Normale;Buona;Ore Diurne;1;0;0;1;12,46039;41,87505;-1;1;Autocarro inferiore 35 q.;In marcia / fermata / arresto;Conducente;M;Illeso;0;;Non accertato;
3077791;8;29/11/2016 19:20;Strada Urbana;VIA DEL FOSSO SCILICINO;in prossimità;;del civico n.;51;;Investimento di pedone;Rettilineo;Una carreggiata a doppio senso;Asciutto;Asfaltata;Assente;Sereno;Scarso;Sufficiente;Sufficiente;3;0;0;0;12,68022;41,90193;-1;;;;Pedone;F;Ricoverato;0;NON DECEDUTO;;
3077791;8;29/11/2016 19:20;Strada Urbana;VIA DEL FOSSO SCILICINO;in prossimità;;del civico n.;51;;Investimento di pedone;Rettilineo;Una carreggiata a doppio senso;Asciutto;Asfaltata;Assente;Sereno;Scarso;Sufficiente;Sufficiente;3;0;0;0;12,68022;41,90193;-1;;;;Pedone;M;Rimandato;0;NON DECEDUTO;;
3077791;8;29/11/2016 19:20;Strada Urbana;VIA DEL FOSSO SCILICINO;in prossimità;;del civico n.;51;;Investimento di pedone;Rettilineo;Una carreggiata a doppio senso;Asciutto;Asfaltata;Assente;Sereno;Scarso;Sufficiente;Sufficiente;3;0;0;0;12,68022;41,90193;-1;1;Autovettura privata;In marcia / fermata / arresto;Conducente;M;Rimandato;0;NON DECEDUTO;Non accertato;Inesploso
3077795;8;29/11/2016 16:25;Strada Urbana;VIA DI TORRENOVA;in prossimità;;del civico n.;230;;Veicolo in marcia contro veicolo fermo;Rettilineo;Una carreggiata a doppio senso;Asciutto;Asfaltata;Verticale ed orizzontale;Sereno;Normale;Buona;Ore Diurne;1;0;0;2;12,61781;41,87979;-1;1;Autovettura privata;In marcia / fermata / arresto;Conducente;F;Illeso;0;;Non accertato;Inesploso
3077795;8;29/11/2016 16:25;Strada Urbana;VIA DI TORRENOVA;in prossimità;;del civico n.;230;;Veicolo in marcia contro veicolo fermo;Rettilineo;Una carreggiata a doppio senso;Asciutto;Asfaltata;Verticale ed orizzontale;Sereno;Normale;Buona;Ore Diurne;1;0;0;2;12,61781;41,87979;-1;1;Autovettura privata;In marcia / fermata / arresto;Passeggero;M;Illeso;0;;Non accertato;Inesploso
3077795;8;29/11/2016 16:25;Strada Urbana;VIA DI TORRENOVA;in prossimità;;del civico n.;230;;Veicolo in marcia contro veicolo fermo;Rettilineo;Una carreggiata a doppio senso;Asciutto;Asfaltata;Verticale ed orizzontale;Sereno;Normale;Buona;Ore Diurne;1;0;0;2;12,61781;41,87979;-1;2;Autovettura privata;In marcia / fermata / arresto;Conducente;M;Rimandato;0;NON DECEDUTO;Non accertato;Inesploso
3077797;8;29/11/2016 18:10;Regionale entro l'abitato;VIA CASILINA;in prossimità;;del civico n.;1805;;Tamponamento;Rettilineo;Una carreggiata a doppio senso;Asciutto;Asfaltata;Orizzontale;Sereno;Intenso;Buona;Sufficiente;0;0;0;2;12,67946;41,86316;-1;1;Autovettura privata;In marcia / fermata / arresto;Conducente;F;Illeso;0;;Non accertato;Inesploso
3077797;8;29/11/2016 18:10;Regionale entro l'abitato;VIA CASILINA;in prossimità;;del civico n.;1805;;Tamponamento;Rettilineo;Una carreggiata a doppio senso;Asciutto;Asfaltata;Orizzontale;Sereno;Intenso;Buona;Sufficiente;0;0;0;2;12,67946;41,86316;-1;2;Autovettura privata;In marcia / fermata / arresto;Conducente;M;Illeso;0;;Non accertato;Inesploso
3077803;8;29/11/2016 14:30;Strada Urbana;VIA DELL'ACQUA VERGINE;in prossimità;;del palo luce n.;39;;Scontro frontale fra veicoli in marcia;Curva a visuale libera;Una carreggiata a doppio senso;Asciutto;Asfaltata;Verticale ed orizzontale;Sereno;Normale;Buona;Ore Diurne;3;0;0;0;12,62592;41,89616;-1;1;Autovettura privata;In marcia / fermata / arresto;Conducente;M;Rimandato;0;NON DECEDUTO;Non accertato;Inesploso
3077803;8;29/11/2016 14:30;Strada Urbana;VIA DELL'ACQUA VERGINE;in prossimità;;del palo luce n.;39;;Scontro frontale fra veicoli in marcia;Curva a visuale libera;Una carreggiata a doppio senso;Asciutto;Asfaltata;Verticale ed orizzontale;Sereno;Normale;Buona;Ore Diurne;3;0;0;0;12,62592;41,89616;-1;2;Autovettura privata;In marcia / fermata / arresto;Conducente;M;Ricoverato;0;NON DECEDUTO;Non accertato;Esploso
3077803;8;29/11/2016 14:30;Strada Urbana;VIA DELL'ACQUA VERGINE;in prossimità;;del palo luce n.;39;;Scontro frontale fra veicoli in marcia;Curva a visuale libera;Una carreggiata a doppio senso;Asciutto;Asfaltata;Verticale ed orizzontale;Sereno;Normale;Buona;Ore Diurne;3;0;0;0;12,62592;41,89616;-1;2;Autovettura privata;In marcia / fermata / arresto;Passeggero;M;Ricoverato;0;NON DECEDUTO;Non accertato;Inesploso
3077811;8;29/11/2016 14:40;Strada Urbana;VIA DI TOR BELLA MONACA;da specificare;;;;dir G.R.A  A MT 100 X VIA P.F. QUAGLIA;Scontro laterale fra veicoli in marcia;Rettilineo;Due carreggiate;Asciutto;Asfaltata;Verticale ed orizzontale;Sereno;Normale;Buona;Ore Diurne;0;0;0;3;12,62375;41,87848;-1;1;Autovettura privata;In marcia / fermata / arresto;Conducente;F;Illeso;0;;Non accertato;Inesploso
3077811;8;29/11/2016 14:40;Strada Urbana;VIA DI TOR BELLA MONACA;da specificare;;;;dir G.R.A  A MT 100 X VIA P.F. QUAGLIA;Scontro laterale fra veicoli in marcia;Rettilineo;Due carreggiate;Asciutto;Asfaltata;Verticale ed orizzontale;Sereno;Normale;Buona;Ore Diurne;0;0;0;3;12,62375;41,87848;-1;1;Autovettura privata;In marcia / fermata / arresto;Passeggero;M;Illeso;0;;Non accertato;Inesploso
3077811;8;29/11/2016 14:40;Strada Urbana;VIA DI TOR BELLA MONACA;da specificare;;;;dir G.R.A  A MT 100 X VIA P.F. QUAGLIA;Scontro laterale fra veicoli in marcia;Rettilineo;Due carreggiate;Asciutto;Asfaltata;Verticale ed orizzontale;Sereno;Normale;Buona;Ore Diurne;0;0;0;3;12,62375;41,87848;-1;2;Autovettura privata;In marcia / fermata / arresto;Conducente;F;Illeso;0;;Non accertato;Inesploso
3077812;5;29/11/2016 12:35;Strada Urbana;VIA DEI MONTI TIBURTINI;da specificare;;;;in prossimità di VIA DEI DURANTINI;Tamponamento;Rettilineo;Due carreggiate;Asciutto;Asfaltata;Verticale ed orizzontale;Nebbia;Intenso;Buona;Ore Diurne;0;0;0;2;12,54275;41,91718;-1;1;Autobus urbano;In marcia / fermata / arresto;Conducente;M;Illeso;0;;Non accertato;Inesploso